mt-MT | mt | MT |  | Maltese (Malta) | Maltese | Malta |  | EUR
QN | WN
Jannar | Frar | Marzu | April | Mejju | Ġunju | Lulju | Awwissu | Settembru | Ottubru | Novembru | Diċembru
Jan | Fra | Mar | Apr | Mej | Ġun | Lul | Aww | Set | Ott | Nov | Diċ
Il-Ħadd | It-Tnejn | It-Tlieta | L-Erbgħa | Il-Ħamis | Il-Ġimgħa | Is-Sibt
Ħad | Tne | Tli | Erb | Ħam | Ġim | Sib
dd/MM/yyyy | dd MMM yyyy | d 'ta’' MMMM yyyy
HH:mm | HH:mm:ss | HH:mm:ss z
#,##0 | #,##0.### | #,##0% | ¤#,##0.00

ar-AE | ar | AE |  | Għarbi (Emirati Għarab Maqgħuda) | Għarbi | Emirati Għarab Maqgħuda | 
ar-JO | ar | JO |  | Għarbi (Ġordan) | Għarbi | Ġordan | 
ar-SY | ar | SY |  | Għarbi (Sirja) | Għarbi | Sirja | 
hr-HR | hr | HR |  | Kroat (Kroazja) | Kroat | Kroazja | 
fr-BE | fr | BE |  | Franċiż (Belġju) | Franċiż | Belġju | 
es-PA | es | PA |  | Spanjol (Panama) | Spanjol | Panama | 
mt-MT | mt | MT |  | Malti (Malta) | Malti | Malta | 
es-VE | es | VE |  | Spanjol (Venezwela) | Spanjol | Venezwela | 
bg | bg |  |  | Bulgaru | Bulgaru |  | 
zh-TW | zh | TW |  | Ċiniż (Tajwan) | Ċiniż | Tajwan | 
it | it |  |  | Taljan | Taljan |  | 
ko | ko |  |  | Korejan | Korejan |  | 
uk | uk |  |  | Ukranjan | Ukranjan |  | 
lv | lv |  |  | Latvjan (Lettix) | Latvjan (Lettix) |  | 
da-DK | da | DK |  | Daniż (Danimarka) | Daniż | Danimarka | 
es-PR | es | PR |  | Spanjol (Puerto Rico) | Spanjol | Puerto Rico | 
vi-VN | vi | VN |  | Vjetnamiż (Vjetnam) | Vjetnamiż | Vjetnam | 
en-US | en | US |  | Ingliż (Stati Uniti) | Ingliż | Stati Uniti | 
sr-ME | sr | ME |  | Serb (Montenegro) | Serb | Montenegro | 
sv-SE | sv | SE |  | Svediż (Żvezja) | Svediż | Żvezja | 
es-BO | es | BO |  | Spanjol (Bolivja) | Spanjol | Bolivja | 
en-SG | en | SG |  | Ingliż (Singapor) | Ingliż | Singapor | 
ar-BH | ar | BH |  | Għarbi (Baħrajn) | Għarbi | Baħrajn | 
pt | pt |  |  | Portugiż | Portugiż |  | 
ar-SA | ar | SA |  | Għarbi (Għarabja Sawdita) | Għarbi | Għarabja Sawdita | 
sk | sk |  |  | Slovakk | Slovakk |  | 
ar-YE | ar | YE |  | Għarbi (Jemen) | Għarbi | Jemen | 
hi-IN | hi | IN |  | Ħindi (Indja) | Ħindi | Indja | 
ga | ga |  |  | Irlandiż | Irlandiż |  | 
en-MT | en | MT |  | Ingliż (Malta) | Ingliż | Malta | 
fi-FI | fi | FI |  | Finlandiż (Finlandja) | Finlandiż | Finlandja | 
et | et |  |  | Estonjan | Estonjan |  | 
sv | sv |  |  | Svediż | Svediż |  | 
cs | cs |  |  | Ċek | Ċek |  | 
sr-Latn-BA | sr | BA |  | Serb (Latin,Bożnija Ħerżegovina) | Serb | Bożnija Ħerżegovina | 
el | el |  |  | Grieg | Grieg |  | 
uk-UA | uk | UA |  | Ukranjan (Ukraina) | Ukranjan | Ukraina | 
hu | hu |  |  | Ungeriż | Ungeriż |  | 
fr-CH | fr | CH |  | Franċiż (Svizzera) | Franċiż | Svizzera | 
id | in |  |  | Indoneżjan | Indoneżjan |  | 
es-AR | es | AR |  | Spanjol (Arġentina) | Spanjol | Arġentina | 
ar-EG | ar | EG |  | Għarbi (Eġittu) | Għarbi | Eġittu | 
ja-JP-u-ca-japanese-x-lvariant-JP | ja | JP | JP | Ġappuniż (Ġappun,JP) | Ġappuniż | Ġappun | JP
es-SV | es | SV |  | Spanjol (El Salvador) | Spanjol | El Salvador | 
pt-BR | pt | BR |  | Portugiż (Brażil) | Portugiż | Brażil | 
be | be |  |  | Belarussu | Belarussu |  | 
is-IS | is | IS |  | Iżlandiż (Islanda) | Iżlandiż | Islanda | 
cs-CZ | cs | CZ |  | Ċek (Repubblika Ċeka) | Ċek | Repubblika Ċeka | 
es | es |  |  | Spanjol | Spanjol |  | 
pl-PL | pl | PL |  | Pollakk (Polonja) | Pollakk | Polonja | 
tr | tr |  |  | Tork | Tork |  | 
ca-ES | ca | ES |  | Katalan (Spanja) | Katalan | Spanja | 
sr-CS | sr | CS |  | Serb (Serbja u Montenegro) | Serb | Serbja u Montenegro | 
ms-MY | ms | MY |  | Malajan (Malasja) | Malajan | Malasja | 
hr | hr |  |  | Kroat | Kroat |  | 
lt | lt |  |  | Litwanjan | Litwanjan |  | 
es-ES | es | ES |  | Spanjol (Spanja) | Spanjol | Spanja | 
es-CO | es | CO |  | Spanjol (Kolumbja) | Spanjol | Kolumbja | 
bg-BG | bg | BG |  | Bulgaru (Bulgarija) | Bulgaru | Bulgarija | 
sq | sq |  |  | Albaniż | Albaniż |  | 
fr | fr |  |  | Franċiż | Franċiż |  | 
ja | ja |  |  | Ġappuniż | Ġappuniż |  | 
sr-BA | sr | BA |  | Serb (Bożnija Ħerżegovina) | Serb | Bożnija Ħerżegovina | 
is | is |  |  | Iżlandiż | Iżlandiż |  | 
es-PY | es | PY |  | Spanjol (Paragwaj) | Spanjol | Paragwaj | 
de | de |  |  | Ġermaniż | Ġermaniż |  | 
es-EC | es | EC |  | Spanjol (Ekwador) | Spanjol | Ekwador | 
es-US | es | US |  | Spanjol (Stati Uniti) | Spanjol | Stati Uniti | 
ar-SD | ar | SD |  | Għarbi (Sudan) | Għarbi | Sudan | 
en | en |  |  | Ingliż | Ingliż |  | 
ro-RO | ro | RO |  | Rumen (Rumanija) | Rumen | Rumanija | 
en-PH | en | PH |  | Ingliż (Filippini) | Ingliż | Filippini | 
ca | ca |  |  | Katalan | Katalan |  | 
ar-TN | ar | TN |  | Għarbi (Tuneż) | Għarbi | Tuneż | 
sr-Latn-ME | sr | ME |  | Serb (Latin,Montenegro) | Serb | Montenegro | 
es-GT | es | GT |  | Spanjol (Gwatemala) | Spanjol | Gwatemala | 
sl | sl |  |  | Sloven | Sloven |  | 
ko-KR | ko | KR |  | Korejan (Koreja t’Isfel) | Korejan | Koreja t’Isfel | 
el-CY | el | CY |  | Grieg (Ċipru) | Grieg | Ċipru | 
es-MX | es | MX |  | Spanjol (Messiku) | Spanjol | Messiku | 
ru-RU | ru | RU |  | Russu (Russja) | Russu | Russja | 
es-HN | es | HN |  | Spanjol (Ħonduras) | Spanjol | Ħonduras | 
zh-HK | zh | HK |  | Ċiniż (Ħong Kong S.A.R., Ċina) | Ċiniż | Ħong Kong S.A.R., Ċina | 
nn-NO | no | NO | NY | Norveġiż (Norveġja,Nynorsk) | Norveġiż | Norveġja | Nynorsk
hu-HU | hu | HU |  | Ungeriż (Ungerija) | Ungeriż | Ungerija | 
th-TH | th | TH |  | Tajlandiż (Tajlandja) | Tajlandiż | Tajlandja | 
ar-IQ | ar | IQ |  | Għarbi (Iraq) | Għarbi | Iraq | 
es-CL | es | CL |  | Spanjol (Ċili) | Spanjol | Ċili | 
fi | fi |  |  | Finlandiż | Finlandiż |  | 
ar-MA | ar | MA |  | Għarbi (Marokk) | Għarbi | Marokk | 
ga-IE | ga | IE |  | Irlandiż (Irlanda) | Irlandiż | Irlanda | 
mk | mk |  |  | Maċedonjan | Maċedonjan |  | 
tr-TR | tr | TR |  | Tork (Turkija) | Tork | Turkija | 
et-EE | et | EE |  | Estonjan (Estonja) | Estonjan | Estonja | 
ar-QA | ar | QA |  | Għarbi (Qatar) | Għarbi | Qatar | 
sr-Latn | sr |  |  | Serb (Latin) | Serb |  | 
pt-PT | pt | PT |  | Portugiż (Portugall) | Portugiż | Portugall | 
fr-LU | fr | LU |  | Franċiż (Lussemburgu) | Franċiż | Lussemburgu | 
ar-OM | ar | OM |  | Għarbi (Oman) | Għarbi | Oman | 
th | th |  |  | Tajlandiż | Tajlandiż |  | 
sq-AL | sq | AL |  | Albaniż (Albanija) | Albaniż | Albanija | 
es-DO | es | DO |  | Spanjol (Republikka Domenikana) | Spanjol | Republikka Domenikana | 
es-CU | es | CU |  | Spanjol (Kuba) | Spanjol | Kuba | 
ar | ar |  |  | Għarbi | Għarbi |  | 
ru | ru |  |  | Russu | Russu |  | 
en-NZ | en | NZ |  | Ingliż (New Zealand) | Ingliż | New Zealand | 
sr-RS | sr | RS |  | Serb (Serbia) | Serb | Serbia | 
de-CH | de | CH |  | Ġermaniż (Svizzera) | Ġermaniż | Svizzera | 
es-UY | es | UY |  | Spanjol (Urugwaj) | Spanjol | Urugwaj | 
ms | ms |  |  | Malajan | Malajan |  | 
el-GR | el | GR |  | Grieg (Greċja) | Grieg | Greċja | 
he-IL | iw | IL |  | Ebrajk (Iżrael) | Ebrajk | Iżrael | 
en-ZA | en | ZA |  | Ingliż (Afrika t’Isfel) | Ingliż | Afrika t’Isfel | 
th-TH-u-nu-thai-x-lvariant-TH | th | TH | TH | Tajlandiż (Tajlandja,TH) | Tajlandiż | Tajlandja | TH
hi | hi |  |  | Ħindi | Ħindi |  | 
fr-FR | fr | FR |  | Franċiż (Franza) | Franċiż | Franza | 
de-AT | de | AT |  | Ġermaniż (Awstrija) | Ġermaniż | Awstrija | 
nl | nl |  |  | Olandiż | Olandiż |  | 
no-NO | no | NO |  | Norveġiż (Norveġja) | Norveġiż | Norveġja | 
en-AU | en | AU |  | Ingliż (Awstralja) | Ingliż | Awstralja | 
vi | vi |  |  | Vjetnamiż | Vjetnamiż |  | 
nl-NL | nl | NL |  | Olandiż (Olanda) | Olandiż | Olanda | 
fr-CA | fr | CA |  | Franċiż (Kanada) | Franċiż | Kanada | 
lv-LV | lv | LV |  | Latvjan (Lettix) (Latvja) | Latvjan (Lettix) | Latvja | 
de-LU | de | LU |  | Ġermaniż (Lussemburgu) | Ġermaniż | Lussemburgu | 
es-CR | es | CR |  | Spanjol (Kosta Rika) | Spanjol | Kosta Rika | 
ar-KW | ar | KW |  | Għarbi (Kuwajt) | Għarbi | Kuwajt | 
sr | sr |  |  | Serb | Serb |  | 
ar-LY | ar | LY |  | Għarbi (Libja) | Għarbi | Libja | 
mt | mt |  |  | Malti | Malti |  | 
it-CH | it | CH |  | Taljan (Svizzera) | Taljan | Svizzera | 
da | da |  |  | Daniż | Daniż |  | 
de-DE | de | DE |  | Ġermaniż (Ġermanja) | Ġermaniż | Ġermanja | 
ar-DZ | ar | DZ |  | Għarbi (Alġerija) | Għarbi | Alġerija | 
sk-SK | sk | SK |  | Slovakk (Slovakkja) | Slovakk | Slovakkja | 
lt-LT | lt | LT |  | Litwanjan (Litwanja) | Litwanjan | Litwanja | 
it-IT | it | IT |  | Taljan (Italja) | Taljan | Italja | 
en-IE | en | IE |  | Ingliż (Irlanda) | Ingliż | Irlanda | 
zh-SG | zh | SG |  | Ċiniż (Singapor) | Ċiniż | Singapor | 
ro | ro |  |  | Rumen | Rumen |  | 
en-CA | en | CA |  | Ingliż (Kanada) | Ingliż | Kanada | 
nl-BE | nl | BE |  | Olandiż (Belġju) | Olandiż | Belġju | 
no | no |  |  | Norveġiż | Norveġiż |  | 
pl | pl |  |  | Pollakk | Pollakk |  | 
zh-CN | zh | CN |  | Ċiniż (Ċina) | Ċiniż | Ċina | 
ja-JP | ja | JP |  | Ġappuniż (Ġappun) | Ġappuniż | Ġappun | 
de-GR | de | GR |  | Ġermaniż (Greċja) | Ġermaniż | Greċja | 
sr-Latn-RS | sr | RS |  | Serb (Latin,Serbia) | Serb | Serbia | 
he | iw |  |  | Ebrajk | Ebrajk |  | 
en-IN | en | IN |  | Ingliż (Indja) | Ingliż | Indja | 
ar-LB | ar | LB |  | Għarbi (Libanu) | Għarbi | Libanu | 
es-NI | es | NI |  | Spanjol (Nikaragwa) | Spanjol | Nikaragwa | 
zh | zh |  |  | Ċiniż | Ċiniż |  | 
mk-MK | mk | MK |  | Maċedonjan (Maċedonja) | Maċedonjan | Maċedonja | 
be-BY | be | BY |  | Belarussu (Bjelorussja) | Belarussu | Bjelorussja | 
sl-SI | sl | SI |  | Sloven (Slovenja) | Sloven | Slovenja | 
es-PE | es | PE |  | Spanjol (Peru) | Spanjol | Peru | 
id-ID | in | ID |  | Indoneżjan (Indoneżja) | Indoneżjan | Indoneżja | 
en-GB | en | GB |  | Ingliż (Ingilterra) | Ingliż | Ingilterra | 

LAK | 418 | Laotian Kip | LAK | 2
STD | 678 | São Tomé and Príncipe Dobra | STD | 2
LKR | 144 | Sri Lankan Rupee | LKR | 2
IRR | 364 | Iranian Rial | IRR | 2
MVR | 462 | Maldivian Rufiyaa | MVR | 2
AZM | 31 | Azerbaijani Manat (1993-2006) | AZM | 2
ZMK | 894 | Zambian Kwacha | ZMK | 2
KPW | 408 | North Korean Won | KPW | 2
AFN | 971 | Afghan Afghani | AFN | 2
ZWL | 932 | Zimbabwean Dollar (2009) | ZWL | 2
HRK | 191 | Croatian Kuna | HRK | 2
PGK | 598 | Papua New Guinean Kina | PGK | 2
XTS | 963 | Testing Currency Code | XTS | -1
SOS | 706 | Somali Shilling | SOS | 2
KZT | 398 | Kazakhstani Tenge | KZT | 2
BIF | 108 | Burundian Franc | BIF | 0
MDL | 498 | Moldovan Leu | MDL | 2
SDD | 736 | Sudanese Dinar (1992-2007) | SDD | 2
NPR | 524 | Nepalese Rupee | NPR | 2
MRO | 478 | Mauritanian Ouguiya | MRO | 2
MUR | 480 | Mauritian Rupee | MUR | 2
RUB | 643 | Russian Ruble | RUB | 2
TMM | 795 | Turkmenistani Manat (1993-2009) | TMM | 2
XUA | 965 | ADB Unit of Account | XUA | -1
CHF | 756 | Swiss Franc | CHF | 2
KGS | 417 | Kyrgystani Som | KGS | 2
XCD | 951 | East Caribbean Dollar | XCD | 2
MOP | 446 | Macanese Pataca | MOP | 2
VEB | 862 | Venezuelan Bolívar (1871-2008) | VEB | 2
USN | 997 | US Dollar (Next day) | USN | 2
SDG | 938 | Sudanese Pound | SDG | 2
GRD | 300 | Greek Drachma | GRD | 0
BND | 96 | Brunei Dollar | BND | 2
SYP | 760 | Syrian Pound | SYP | 2
LSL | 426 | Lesotho Loti | LSL | 2
CZK | 203 | Czech Republic Koruna | CZK | 2
PAB | 590 | Panamanian Balboa | PAB | 2
BGN | 975 | Bulgarian Lev | BGN | 2
CAD | 124 | Canadian Dollar | CAD | 2
RUR | 810 | Russian Ruble (1991-1998) | RUR | 2
THB | 764 | Thai Baht | THB | 2
HKD | 344 | Hong Kong Dollar | HKD | 2
AYM | 945 | AYM | AYM | 2
XBB | 956 | European Monetary Unit | XBB | -1
FKP | 238 | Falkland Islands Pound | FKP | 2
XAG | 961 | Silver | XAG | -1
GYD | 328 | Guyanaese Dollar | GYD | 2
AZN | 944 | Azerbaijani Manat | AZN | 2
INR | 356 | Indian Rupee | INR | 2
SLL | 694 | Sierra Leonean Leone | SLL | 2
TZS | 834 | Tanzanian Shilling | TZS | 2
BEF | 56 | Belgian Franc | BEF | 0
RSD | 941 | Serbian Dinar | RSD | 2
BBD | 52 | Barbadian Dollar | BBD | 2
BYR | 974 | Belarusian Ruble | BYR | 0
CVE | 132 | Cape Verdean Escudo | CVE | 2
JPY | 392 | Japanese Yen | JPY | 0
EGP | 818 | Egyptian Pound | EGP | 2
BOV | 984 | Bolivian Mvdol | BOV | 2
SBD | 90 | Solomon Islands Dollar | SBD | 2
SIT | 705 | Slovenian Tolar | SIT | 2
AED | 784 | United Arab Emirates Dirham | AED | 2
TTD | 780 | Trinidad and Tobago Dollar | TTD | 2
UGX | 800 | Ugandan Shilling | UGX | 0
FJD | 242 | Fijian Dollar | FJD | 2
SGD | 702 | Singapore Dollar | SGD | 2
KMF | 174 | Comorian Franc | KMF | 0
VND | 704 | Vietnamese Dong | VND | 0
GHC | 288 | Ghanaian Cedi (1979-2007) | GHC | 2
HNL | 340 | Honduran Lempira | HNL | 2
ATS | 40 | Austrian Schilling | ATS | 2
ZWR | 935 | Zimbabwean Dollar (2008) | ZWR | 2
VUV | 548 | Vanuatu Vatu | VUV | 0
NLG | 528 | Dutch Guilder | NLG | 2
CRC | 188 | Costa Rican Colón | CRC | 2
DKK | 208 | Danish Krone | DKK | 2
PEN | 604 | Peruvian Nuevo Sol | PEN | 2
SRD | 968 | Surinamese Dollar | SRD | 2
GNF | 324 | Guinean Franc | GNF | 0
TND | 788 | Tunisian Dinar | TND | 3
QAR | 634 | Qatari Rial | QAR | 2
TRL | 792 | Turkish Lira (1922-2005) | TRL | 0
ZWN | 942 | ZWN | ZWN | 2
ARS | 32 | Argentine Peso | ARS | 2
MGA | 969 | Malagasy Ariary | MGA | 2
NOK | 578 | Norwegian Krone | NOK | 2
CYP | 196 | Cypriot Pound | CYP | 2
PYG | 600 | Paraguayan Guarani | PYG | 0
MNT | 496 | Mongolian Tugrik | MNT | 2
FIM | 246 | Finnish Markka | FIM | 2
YUM | 891 | Yugoslavian New Dinar (1994-2002) | YUM | 2
ISK | 352 | Icelandic Króna | ISK | 0
SKK | 703 | Slovak Koruna | SKK | 2
LRD | 430 | Liberian Dollar | LRD | 2
SEK | 752 | Swedish Krona | SEK | 2
FRF | 250 | French Franc | FRF | 2
CSD | 891 | Serbian Dinar (2002-2006) | CSD | 2
GIP | 292 | Gibraltar Pound | GIP | 2
KES | 404 | Kenyan Shilling | KES | 2
TJS | 972 | Tajikistani Somoni | TJS | 2
XOF | 952 | CFA Franc BCEAO | XOF | 0
USS | 998 | US Dollar (Same day) | USS | 2
NAD | 516 | Namibian Dollar | NAD | 2
YER | 886 | Yemeni Rial | YER | 2
RWF | 646 | Rwandan Franc | RWF | 0
XAU | 959 | Gold | XAU | -1
BOB | 68 | Bolivian Boliviano | BOB | 2
SRG | 740 | Surinamese Guilder | SRG | 2
GBP | 826 | British Pound Sterling | GBP | 2
XFU | 0 | French UIC-Franc | XFU | -1
HTG | 332 | Haitian Gourde | HTG | 2
MWK | 454 | Malawian Kwacha | MWK | 2
WST | 882 | Samoan Tala | WST | 2
NZD | 554 | New Zealand Dollar | NZD | 2
VEF | 937 | Venezuelan Bolívar | VEF | 2
GHS | 936 | Ghanaian Cedi | GHS | 2
JOD | 400 | Jordanian Dinar | JOD | 3
JMD | 388 | Jamaican Dollar | JMD | 2
MYR | 458 | Malaysian Ringgit | MYR | 2
RON | 946 | Romanian Leu | RON | 2
BGL | 100 | Bulgarian Hard Lev | BGL | 2
NGN | 566 | Nigerian Naira | NGN | 2
BTN | 64 | Bhutanese Ngultrum | BTN | 2
ITL | 380 | Italian Lira | ITL | 0
ZMW | 967 | ZMW | ZMW | 2
COP | 170 | Colombian Peso | COP | 2
KRW | 410 | South Korean Won | KRW | 0
AUD | 36 | Australian Dollar | AUD | 2
ZWD | 716 | Zimbabwean Dollar (1980-2008) | ZWD | 2
MGF | 450 | Malagasy Franc | MGF | 0
USD | 840 | US Dollar | USD | 2
XPD | 964 | Palladium | XPD | -1
ZAR | 710 | South African Rand | ZAR | 2
DEM | 276 | German Mark | DEM | 2
EUR | 978 | Euro | € | 2
LYD | 434 | Libyan Dinar | LYD | 3
BHD | 48 | Bahraini Dinar | BHD | 3
ERN | 232 | Eritrean Nakfa | ERN | 2
SSP | 728 | South Sudanese Pound | SSP | 2
XXX | 999 | Unknown Currency | XXX | -1
AWG | 533 | Aruban Florin | AWG | 2
BYB | 112 | Belarusian New Ruble (1994-1999) | BYB | 0
XPF | 953 | CFP Franc | XPF | 0
HUF | 348 | Hungarian Forint | HUF | 2
BWP | 72 | Botswanan Pula | BWP | 2
ETB | 230 | Ethiopian Birr | ETB | 2
BZD | 84 | Belize Dollar | BZD | 2
XAF | 950 | CFA Franc BEAC | XAF | 0
SCR | 690 | Seychellois Rupee | SCR | 2
LTL | 440 | Lithuanian Litas | LTL | 2
DJF | 262 | Djiboutian Franc | DJF | 0
TOP | 776 | Tongan Paʻanga | TOP | 2
KYD | 136 | Cayman Islands Dollar | KYD | 2
MZN | 943 | Mozambican Metical | MZN | 2
DOP | 214 | Dominican Peso | DOP | 2
ROL | 946 | Romanian Leu (1952-2006) | ROL | 2
ADP | 20 | Andorran Peseta | ADP | 0
SHP | 654 | Saint Helena Pound | SHP | 2
IEP | 372 | Irish Pound | IEP | 2
XBA | 955 | European Composite Unit | XBA | -1
ILS | 376 | Israeli New Sheqel | ILS | 2
PTE | 620 | Portuguese Escudo | PTE | 0
CUP | 192 | Cuban Peso | CUP | 2
CLP | 152 | Chilean Peso | CLP | 0
PKR | 586 | Pakistani Rupee | PKR | 2
SVC | 222 | Salvadoran Colón | SVC | 2
XPT | 962 | Platinum | XPT | -1
TWD | 901 | New Taiwan Dollar | TWD | 2
LVL | 428 | Latvian Lats | LVL | 2
OMR | 512 | Omani Rial | OMR | 3
TRY | 949 | Turkish Lira | TRY | 2
LUF | 442 | Luxembourgian Franc | LUF | 0
MTL | 470 | Maltese Lira | Lm | 2
XDR | 960 | Special Drawing Rights | XDR | -1
MAD | 504 | Moroccan Dirham | MAD | 2
EEK | 233 | Estonian Kroon | EEK | 2
NIO | 558 | Nicaraguan Córdoba | NIO | 2
BRL | 986 | Brazilian Real | BRL | 2
IQD | 368 | Iraqi Dinar | IQD | 3
TPE | 626 | Timorese Escudo | TPE | 0
MZM | 508 | Mozambican Metical (1980-2006) | MZM | 2
BDT | 50 | Bangladeshi Taka | BDT | 2
GMD | 270 | Gambian Dalasi | GMD | 2
KHR | 116 | Cambodian Riel | KHR | 2
GEL | 981 | Georgian Lari | GEL | 2
CLF | 990 | Chilean Unit of Account (UF) | CLF | 0
AFA | 4 | Afghan Afghani (1927-2002) | AFA | 2
ESP | 724 | Spanish Peseta | ESP | 0
PLN | 985 | Polish Zloty | PLN | 2
UAH | 980 | Ukrainian Hryvnia | UAH | 2
IDR | 360 | Indonesian Rupiah | IDR | 2
PHP | 608 | Philippine Peso | PHP | 2
DZD | 12 | Algerian Dinar | DZD | 2
TMT | 934 | Turkmenistani Manat | TMT | 2
CDF | 976 | Congolese Franc | CDF | 2
SAR | 682 | Saudi Riyal | SAR | 2
AMD | 51 | Armenian Dram | AMD | 2
UZS | 860 | Uzbekistan Som | UZS | 2
LBP | 422 | Lebanese Pound | LBP | 2
XFO | 0 | French Gold Franc | XFO | -1
BMD | 60 | Bermudan Dollar | BMD | 2
MMK | 104 | Myanma Kyat | MMK | 2
MXN | 484 | Mexican Peso | MXN | 2
AOA | 973 | Angolan Kwanza | AOA | 2
XBD | 958 | European Unit of Account (XBD) | XBD | -1
BAM | 977 | Bosnia-Herzegovina Convertible Mark | BAM | 2
UYU | 858 | Uruguayan Peso | UYU | 2
GWP | 624 | Guinea-Bissau Peso | GWP | 2
ALL | 8 | Albanian Lek | ALL | 2
BSD | 44 | Bahamian Dollar | BSD | 2
CNY | 156 | Chinese Yuan | CNY | 2
GTQ | 320 | Guatemalan Quetzal | GTQ | 2
MKD | 807 | Macedonian Denar | MKD | 2
SZL | 748 | Swazi Lilangeni | SZL | 2
XSU | 994 | Sucre | XSU | -1
KWD | 414 | Kuwaiti Dinar | KWD | 3
XBC | 957 | European Unit of Account (XBC) | XBC | -1
MXV | 979 | Mexican Investment Unit | MXV | 2
CUC | 931 | Cuban Convertible Peso | CUC | 2
ANG | 532 | Netherlands Antillean Guilder | ANG | 2



